celltype	edge_count	fava_min	fava_max	fava_mean	fava_median	fava_std	fava_q25	fava_q75
ASC	121096	1.80827694545e-05	0.9022799481917496	0.39670284794654653	0.4045360538946142	0.17459491854312584	0.27526069394464825	0.5240593384558015
EX	109234	7.291980597123882e-07	0.7870003869456298	0.12332728281806189	0.10226245185648075	0.09610669326560066	0.04745079066686355	0.17755800982958259
INH	107083	1.253156122552057e-06	0.7624145431956024	0.14454376201529295	0.1221904531133268	0.10920337570287261	0.0570924399130699	0.20996116978878981
MG	144676	6.227775497524846e-07	0.8431753102478812	0.13389905952417172	0.10619593424072929	0.1113297671463696	0.0485153848313143	0.19072982294552335
ODC	151438	9.948041534979524e-07	0.9576882972390364	0.22322951809418118	0.1824354875103262	0.15882639348595465	0.0990588765132013	0.32082175436294763
OPC	110813	9.04389131034522e-06	0.8946531733512194	0.3795433892624128	0.3884178175334633	0.1748614075641331	0.2565034674677159	0.5072402291754424
PER.END	99393	1.530063790555758e-06	0.967432971306116	0.2077141230687122	0.1731052399345238	0.15964133790309148	0.0802046038431139	0.3001556122232985
